ID,Name,Type,Rarity,Path,Dimensions,Compression,MemoryEstimateKB,Dependencies
"51","Archer Queen","CardData","Champion","Assets/Resources/Data/Cards/Card_051_Archer_Queen.asset","N/A","N/A",1,"spine_archer_queen,sprite_archer_queen,portrait_archer_queen"
"120","Archer Queen","CardData","Champion","Assets/Resources/Data/Cards/Card_120_Archer_Queen.asset","N/A","N/A",1,"spine_archer_queen,sprite_archer_queen,portrait_archer_queen"
"90","Archers","CardData","Common","Assets/Resources/Data/Cards/Card_090_Archers.asset","N/A","N/A",1,"spine_archers,sprite_archers,portrait_archers"
"58","Arrows","CardData","Common","Assets/Resources/Data/Cards/Card_058_Arrows.asset","N/A","N/A",1,"spine_arrows,sprite_arrows,portrait_arrows"
"114","Arrows","CardData","Common","Assets/Resources/Data/Cards/Card_114_Arrows.asset","N/A","N/A",1,"spine_arrows,sprite_arrows,portrait_arrows"
"19","Baby Dragon","CardData","Epic","Assets/Resources/Data/Cards/Card_019_Baby_Dragon.asset","N/A","N/A",1,"spine_baby_dragon,sprite_baby_dragon,portrait_baby_dragon"
"24","Balloon","CardData","Epic","Assets/Resources/Data/Cards/Card_024_Balloon.asset","N/A","N/A",1,"spine_balloon,sprite_balloon,portrait_balloon"
"18","Bandit","CardData","Legendary","Assets/Resources/Data/Cards/Card_018_Bandit.asset","N/A","N/A",1,"spine_bandit,sprite_bandit,portrait_bandit"
"61","Barbarian Barrel","CardData","Common","Assets/Resources/Data/Cards/Card_061_Barbarian_Barrel.asset","N/A","N/A",1,"spine_barbarian_barrel,sprite_barbarian_barrel,portrait_barbarian_barrel"
"111","Barbarian Barrel","CardData","Common","Assets/Resources/Data/Cards/Card_111_Barbarian_Barrel.asset","N/A","N/A",1,"spine_barbarian_barrel,sprite_barbarian_barrel,portrait_barbarian_barrel"
"56","Barbarians","CardData","Common","Assets/Resources/Data/Cards/Card_056_Barbarians.asset","N/A","N/A",1,"spine_barbarians,sprite_barbarians,portrait_barbarians"
"82","Bats","CardData","Common","Assets/Resources/Data/Cards/Card_082_Bats.asset","N/A","N/A",1,"spine_bats,sprite_bats,portrait_bats"
"108","Bats","CardData","Common","Assets/Resources/Data/Cards/Card_108_Bats.asset","N/A","N/A",1,"spine_bats,sprite_bats,portrait_bats"
"80","Battle Ram","CardData","Common","Assets/Resources/Data/Cards/Card_080_Battle_Ram.asset","N/A","N/A",1,"spine_battle_ram,sprite_battle_ram,portrait_battle_ram"
"110","Battle Ram","CardData","Common","Assets/Resources/Data/Cards/Card_110_Battle_Ram.asset","N/A","N/A",1,"spine_battle_ram,sprite_battle_ram,portrait_battle_ram"
"96","Bomb Tower","CardData","Rare","Assets/Resources/Data/Cards/Card_096_Bomb_Tower.asset","N/A","N/A",1,"spine_bomb_tower,sprite_bomb_tower,portrait_bomb_tower"
"64","Bomber","CardData","Common","Assets/Resources/Data/Cards/Card_064_Bomber.asset","N/A","N/A",1,"spine_bomber,sprite_bomber,portrait_bomber"
"115","Bomber","CardData","Common","Assets/Resources/Data/Cards/Card_115_Bomber.asset","N/A","N/A",1,"spine_bomber,sprite_bomber,portrait_bomber"
"94","Cannon","CardData","Common","Assets/Resources/Data/Cards/Card_094_Cannon.asset","N/A","N/A",1,"spine_cannon,sprite_cannon,portrait_cannon"
"79","Cannon Cart","CardData","Rare","Assets/Resources/Data/Cards/Card_079_Cannon_Cart.asset","N/A","N/A",1,"spine_cannon_cart,sprite_cannon_cart,portrait_cannon_cart"
"37","Clone","CardData","Epic","Assets/Resources/Data/Cards/Card_037_Clone.asset","N/A","N/A",1,"spine_clone,sprite_clone,portrait_clone"
"41","Dark Prince","CardData","Epic","Assets/Resources/Data/Cards/Card_041_Dark_Prince.asset","N/A","N/A",1,"spine_dark_prince,sprite_dark_prince,portrait_dark_prince"
"44","Dart Goblin","CardData","Rare","Assets/Resources/Data/Cards/Card_044_Dart_Goblin.asset","N/A","N/A",1,"spine_dart_goblin,sprite_dart_goblin,portrait_dart_goblin"
"62","Earthquake","CardData","Rare","Assets/Resources/Data/Cards/Card_062_Earthquake.asset","N/A","N/A",1,"spine_earthquake,sprite_earthquake,portrait_earthquake"
"46","Electro Dragon","CardData","Epic","Assets/Resources/Data/Cards/Card_046_Electro_Dragon.asset","N/A","N/A",1,"spine_electro_dragon,sprite_electro_dragon,portrait_electro_dragon"
"13","Electro Spirit","CardData","Common","Assets/Resources/Data/Cards/Card_013_Electro_Spirit.asset","N/A","N/A",1,"spine_electro_spirit,sprite_electro_spirit,portrait_electro_spirit"
"119","Electro Spirit","CardData","Common","Assets/Resources/Data/Cards/Card_119_Electro_Spirit.asset","N/A","N/A",1,"spine_electro_spirit,sprite_electro_spirit,portrait_electro_spirit"
"9","Electro Wizard","CardData","Legendary","Assets/Resources/Data/Cards/Card_009_Electro_Wizard.asset","N/A","N/A",1,"spine_electro_wizard,sprite_electro_wizard,portrait_electro_wizard"
"75","Electro Wizard","CardData","Legendary","Assets/Resources/Data/Cards/Card_075_Electro_Wizard.asset","N/A","N/A",1,"spine_electro_wizard,sprite_electro_wizard,portrait_electro_wizard"
"43","Elite Barbarians","CardData","Rare","Assets/Resources/Data/Cards/Card_043_Elite_Barbarians.asset","N/A","N/A",1,"spine_elite_barbarians,sprite_elite_barbarians,portrait_elite_barbarians"
"99","Elixir Collector","CardData","Rare","Assets/Resources/Data/Cards/Card_099_Elixir_Collector.asset","N/A","N/A",1,"spine_elixir_collector,sprite_elixir_collector,portrait_elixir_collector"
"11","Fire Spirit","CardData","Common","Assets/Resources/Data/Cards/Card_011_Fire_Spirit.asset","N/A","N/A",1,"spine_fire_spirit,sprite_fire_spirit,portrait_fire_spirit"
"116","Fire Spirit","CardData","Common","Assets/Resources/Data/Cards/Card_116_Fire_Spirit.asset","N/A","N/A",1,"spine_fire_spirit,sprite_fire_spirit,portrait_fire_spirit"
"57","Fireball","CardData","Rare","Assets/Resources/Data/Cards/Card_057_Fireball.asset","N/A","N/A",1,"spine_fireball,sprite_fireball,portrait_fireball"
"47","Fisherman","CardData","Epic","Assets/Resources/Data/Cards/Card_047_Fisherman.asset","N/A","N/A",1,"spine_fisherman,sprite_fisherman,portrait_fisherman"
"78","Flying Machine","CardData","Rare","Assets/Resources/Data/Cards/Card_078_Flying_Machine.asset","N/A","N/A",1,"spine_flying_machine,sprite_flying_machine,portrait_flying_machine"
"35","Freeze","CardData","Epic","Assets/Resources/Data/Cards/Card_035_Freeze.asset","N/A","N/A",1,"spine_freeze,sprite_freeze,portrait_freeze"
"100","Furnace","CardData","Rare","Assets/Resources/Data/Cards/Card_100_Furnace.asset","N/A","N/A",1,"spine_furnace,sprite_furnace,portrait_furnace"
"81","Ghost","CardData","Legendary","Assets/Resources/Data/Cards/Card_081_Ghost.asset","N/A","N/A",1,"spine_ghost,sprite_ghost,portrait_ghost"
"53","Giant","CardData","Rare","Assets/Resources/Data/Cards/Card_053_Giant.asset","N/A","N/A",1,"spine_giant,sprite_giant,portrait_giant"
"23","Giant Skeleton","CardData","Epic","Assets/Resources/Data/Cards/Card_023_Giant_Skeleton.asset","N/A","N/A",1,"spine_giant_skeleton,sprite_giant_skeleton,portrait_giant_skeleton"
"60","Giant Snowball","CardData","Common","Assets/Resources/Data/Cards/Card_060_Giant_Snowball.asset","N/A","N/A",1,"spine_giant_snowball,sprite_giant_snowball,portrait_giant_snowball"
"112","Giant Snowball","CardData","Common","Assets/Resources/Data/Cards/Card_112_Giant_Snowball.asset","N/A","N/A",1,"spine_giant_snowball,sprite_giant_snowball,portrait_giant_snowball"
"29","Goblin Barrel","CardData","Epic","Assets/Resources/Data/Cards/Card_029_Goblin_Barrel.asset","N/A","N/A",1,"spine_goblin_barrel,sprite_goblin_barrel,portrait_goblin_barrel"
"45","Goblin Cage","CardData","Rare","Assets/Resources/Data/Cards/Card_045_Goblin_Cage.asset","N/A","N/A",1,"spine_goblin_cage,sprite_goblin_cage,portrait_goblin_cage"
"103","Goblin Cage","CardData","Rare","Assets/Resources/Data/Cards/Card_103_Goblin_Cage.asset","N/A","N/A",1,"spine_goblin_cage,sprite_goblin_cage,portrait_goblin_cage"
"85","Goblin Drill","CardData","Epic","Assets/Resources/Data/Cards/Card_085_Goblin_Drill.asset","N/A","N/A",1,"spine_goblin_drill,sprite_goblin_drill,portrait_goblin_drill"
"76","Goblin Gang","CardData","Common","Assets/Resources/Data/Cards/Card_076_Goblin_Gang.asset","N/A","N/A",1,"spine_goblin_gang,sprite_goblin_gang,portrait_goblin_gang"
"107","Goblin Gang","CardData","Common","Assets/Resources/Data/Cards/Card_107_Goblin_Gang.asset","N/A","N/A",1,"spine_goblin_gang,sprite_goblin_gang,portrait_goblin_gang"
"30","Goblin Hut","CardData","Rare","Assets/Resources/Data/Cards/Card_030_Goblin_Hut.asset","N/A","N/A",1,"spine_goblin_hut,sprite_goblin_hut,portrait_goblin_hut"
"102","Goblin Hut","CardData","Rare","Assets/Resources/Data/Cards/Card_102_Goblin_Hut.asset","N/A","N/A",1,"spine_goblin_hut,sprite_goblin_hut,portrait_goblin_hut"
"86","Goblin Machine","CardData","Epic","Assets/Resources/Data/Cards/Card_086_Goblin_Machine.asset","N/A","N/A",1,"spine_goblin_machine,sprite_goblin_machine,portrait_goblin_machine"
"91","Goblins","CardData","Common","Assets/Resources/Data/Cards/Card_091_Goblins.asset","N/A","N/A",1,"spine_goblins,sprite_goblins,portrait_goblins"
"39","Graveyard","CardData","Legendary","Assets/Resources/Data/Cards/Card_039_Graveyard.asset","N/A","N/A",1,"spine_graveyard,sprite_graveyard,portrait_graveyard"
"67","Guards","CardData","Common","Assets/Resources/Data/Cards/Card_067_Guards.asset","N/A","N/A",1,"spine_guards,sprite_guards,portrait_guards"
"106","Guards","CardData","Common","Assets/Resources/Data/Cards/Card_106_Guards.asset","N/A","N/A",1,"spine_guards,sprite_guards,portrait_guards"
"12","Heal Spirit","CardData","Common","Assets/Resources/Data/Cards/Card_012_Heal_Spirit.asset","N/A","N/A",1,"spine_heal_spirit,sprite_heal_spirit,portrait_heal_spirit"
"118","Heal Spirit","CardData","Common","Assets/Resources/Data/Cards/Card_118_Heal_Spirit.asset","N/A","N/A",1,"spine_heal_spirit,sprite_heal_spirit,portrait_heal_spirit"
"27","Hog Rider","CardData","Rare","Assets/Resources/Data/Cards/Card_027_Hog_Rider.asset","N/A","N/A",1,"spine_hog_rider,sprite_hog_rider,portrait_hog_rider"
"10","Ice Spirit","CardData","Common","Assets/Resources/Data/Cards/Card_010_Ice_Spirit.asset","N/A","N/A",1,"spine_ice_spirit,sprite_ice_spirit,portrait_ice_spirit"
"117","Ice Spirit","CardData","Common","Assets/Resources/Data/Cards/Card_117_Ice_Spirit.asset","N/A","N/A",1,"spine_ice_spirit,sprite_ice_spirit,portrait_ice_spirit"
"3","Ice Wizard","CardData","Legendary","Assets/Resources/Data/Cards/Card_003_Ice_Wizard.asset","N/A","N/A",1,"spine_ice_wizard,sprite_ice_wizard,portrait_ice_wizard"
"69","Ice Wizard","CardData","Legendary","Assets/Resources/Data/Cards/Card_069_Ice_Wizard.asset","N/A","N/A",1,"spine_ice_wizard,sprite_ice_wizard,portrait_ice_wizard"
"6","Inferno Dragon","CardData","Legendary","Assets/Resources/Data/Cards/Card_006_Inferno_Dragon.asset","N/A","N/A",1,"spine_inferno_dragon,sprite_inferno_dragon,portrait_inferno_dragon"
"72","Inferno Dragon","CardData","Legendary","Assets/Resources/Data/Cards/Card_072_Inferno_Dragon.asset","N/A","N/A",1,"spine_inferno_dragon,sprite_inferno_dragon,portrait_inferno_dragon"
"31","Inferno Tower","CardData","Rare","Assets/Resources/Data/Cards/Card_031_Inferno_Tower.asset","N/A","N/A",1,"spine_inferno_tower,sprite_inferno_tower,portrait_inferno_tower"
"89","Knight","CardData","Common","Assets/Resources/Data/Cards/Card_089_Knight.asset","N/A","N/A",1,"spine_knight,sprite_knight,portrait_knight"
"7","Lava Hound","CardData","Legendary","Assets/Resources/Data/Cards/Card_007_Lava_Hound.asset","N/A","N/A",1,"spine_lava_hound,sprite_lava_hound,portrait_lava_hound"
"73","Lava Hound","CardData","Legendary","Assets/Resources/Data/Cards/Card_073_Lava_Hound.asset","N/A","N/A",1,"spine_lava_hound,sprite_lava_hound,portrait_lava_hound"
"33","Lightning","CardData","Legendary","Assets/Resources/Data/Cards/Card_033_Lightning.asset","N/A","N/A",1,"spine_lightning,sprite_lightning,portrait_lightning"
"88","Little Prince","CardData","Epic","Assets/Resources/Data/Cards/Card_088_Little_Prince.asset","N/A","N/A",1,"spine_little_prince,sprite_little_prince,portrait_little_prince"
"17","Magic Archer","CardData","Legendary","Assets/Resources/Data/Cards/Card_017_Magic_Archer.asset","N/A","N/A",1,"spine_magic_archer,sprite_magic_archer,portrait_magic_archer"
"8","Mega Knight","CardData","Legendary","Assets/Resources/Data/Cards/Card_008_Mega_Knight.asset","N/A","N/A",1,"spine_mega_knight,sprite_mega_knight,portrait_mega_knight"
"74","Mega Knight","CardData","Legendary","Assets/Resources/Data/Cards/Card_074_Mega_Knight.asset","N/A","N/A",1,"spine_mega_knight,sprite_mega_knight,portrait_mega_knight"
"66","Mega Minion","CardData","Common","Assets/Resources/Data/Cards/Card_066_Mega_Minion.asset","N/A","N/A",1,"spine_mega_minion,sprite_mega_minion,portrait_mega_minion"
"105","Mega Minion","CardData","Common","Assets/Resources/Data/Cards/Card_105_Mega_Minion.asset","N/A","N/A",1,"spine_mega_minion,sprite_mega_minion,portrait_mega_minion"
"52","Mighty Miner","CardData","Champion","Assets/Resources/Data/Cards/Card_052_Mighty_Miner.asset","N/A","N/A",1,"spine_mighty_miner,sprite_mighty_miner,portrait_mighty_miner"
"122","Mighty Miner","CardData","Champion","Assets/Resources/Data/Cards/Card_122_Mighty_Miner.asset","N/A","N/A",1,"spine_mighty_miner,sprite_mighty_miner,portrait_mighty_miner"
"4","Miner","CardData","Legendary","Assets/Resources/Data/Cards/Card_004_Miner.asset","N/A","N/A",1,"spine_miner,sprite_miner,portrait_miner"
"70","Miner","CardData","Legendary","Assets/Resources/Data/Cards/Card_070_Miner.asset","N/A","N/A",1,"spine_miner,sprite_miner,portrait_miner"
"55","Mini P.E.K.K.A","CardData","Rare","Assets/Resources/Data/Cards/Card_055_Mini_PEKKA.asset","N/A","N/A",1,"spine_mini_pekka,sprite_mini_pekka,portrait_mini_pekka"
"26","Minion Horde","CardData","Epic","Assets/Resources/Data/Cards/Card_026_Minion_Horde.asset","N/A","N/A",1,"spine_minion_horde,sprite_minion_horde,portrait_minion_horde"
"93","Minions","CardData","Common","Assets/Resources/Data/Cards/Card_093_Minions.asset","N/A","N/A",1,"spine_minions,sprite_minions,portrait_minions"
"36","Mirror","CardData","Epic","Assets/Resources/Data/Cards/Card_036_Mirror.asset","N/A","N/A",1,"spine_mirror,sprite_mirror,portrait_mirror"
"97","Mortar","CardData","Rare","Assets/Resources/Data/Cards/Card_097_Mortar.asset","N/A","N/A",1,"spine_mortar,sprite_mortar,portrait_mortar"
"14","Mother Witch","CardData","Legendary","Assets/Resources/Data/Cards/Card_014_Mother_Witch.asset","N/A","N/A",1,"spine_mother_witch,sprite_mother_witch,portrait_mother_witch"
"54","Musketeer","CardData","Rare","Assets/Resources/Data/Cards/Card_054_Musketeer.asset","N/A","N/A",1,"spine_musketeer,sprite_musketeer,portrait_musketeer"
"25","P.E.K.K.A","CardData","Epic","Assets/Resources/Data/Cards/Card_025_PEKKA.asset","N/A","N/A",1,"spine_pekka,sprite_pekka,portrait_pekka"
"87","Phoenix","CardData","Epic","Assets/Resources/Data/Cards/Card_087_Phoenix.asset","N/A","N/A",1,"spine_phoenix,sprite_phoenix,portrait_phoenix"
"34","Poison","CardData","Rare","Assets/Resources/Data/Cards/Card_034_Poison.asset","N/A","N/A",1,"spine_poison,sprite_poison,portrait_poison"
"20","Prince","CardData","Epic","Assets/Resources/Data/Cards/Card_020_Prince.asset","N/A","N/A",1,"spine_prince,sprite_prince,portrait_prince"
"2","Princess","CardData","Legendary","Assets/Resources/Data/Cards/Card_002_Princess.asset","N/A","N/A",1,"spine_princess,sprite_princess,portrait_princess"
"68","Princess","CardData","Legendary","Assets/Resources/Data/Cards/Card_068_Princess.asset","N/A","N/A",1,"spine_princess,sprite_princess,portrait_princess"
"40","Rage","CardData","Epic","Assets/Resources/Data/Cards/Card_040_Rage.asset","N/A","N/A",1,"spine_rage,sprite_rage,portrait_rage"
"15","Ram Rider","CardData","Legendary","Assets/Resources/Data/Cards/Card_015_Ram_Rider.asset","N/A","N/A",1,"spine_ram_rider,sprite_ram_rider,portrait_ram_rider"
"32","Rocket","CardData","Rare","Assets/Resources/Data/Cards/Card_032_Rocket.asset","N/A","N/A",1,"spine_rocket,sprite_rocket,portrait_rocket"
"49","Royal Delivery","CardData","Epic","Assets/Resources/Data/Cards/Card_049_Royal_Delivery.asset","N/A","N/A",1,"spine_royal_delivery,sprite_royal_delivery,portrait_royal_delivery"
"16","Royal Ghost","CardData","Legendary","Assets/Resources/Data/Cards/Card_016_Royal_Ghost.asset","N/A","N/A",1,"spine_royal_ghost,sprite_royal_ghost,portrait_royal_ghost"
"84","Royal Hogs","CardData","Rare","Assets/Resources/Data/Cards/Card_084_Royal_Hogs.asset","N/A","N/A",1,"spine_royal_hogs,sprite_royal_hogs,portrait_royal_hogs"
"63","Skeleton Army","CardData","Rare","Assets/Resources/Data/Cards/Card_063_Skeleton_Army.asset","N/A","N/A",1,"spine_skeleton_army,sprite_skeleton_army,portrait_skeleton_army"
"77","Skeleton Barrel","CardData","Rare","Assets/Resources/Data/Cards/Card_077_Skeleton_Barrel.asset","N/A","N/A",1,"spine_skeleton_barrel,sprite_skeleton_barrel,portrait_skeleton_barrel"
"48","Skeleton Dragons","CardData","Epic","Assets/Resources/Data/Cards/Card_048_Skeleton_Dragons.asset","N/A","N/A",1,"spine_skeleton_dragons,sprite_skeleton_dragons,portrait_skeleton_dragons"
"50","Skeleton King","CardData","Champion","Assets/Resources/Data/Cards/Card_050_Skeleton_King.asset","N/A","N/A",1,"spine_skeleton_king,sprite_skeleton_king,portrait_skeleton_king"
"121","Skeleton King","CardData","Champion","Assets/Resources/Data/Cards/Card_121_Skeleton_King.asset","N/A","N/A",1,"spine_skeleton_king,sprite_skeleton_king,portrait_skeleton_king"
"92","Skeletons","CardData","Common","Assets/Resources/Data/Cards/Card_092_Skeletons.asset","N/A","N/A",1,"spine_skeletons,sprite_skeletons,portrait_skeletons"
"5","Sparky","CardData","Legendary","Assets/Resources/Data/Cards/Card_005_Sparky.asset","N/A","N/A",1,"spine_sparky,sprite_sparky,portrait_sparky"
"71","Sparky","CardData","Legendary","Assets/Resources/Data/Cards/Card_071_Sparky.asset","N/A","N/A",1,"spine_sparky,sprite_sparky,portrait_sparky"
"65","Spear Goblins","CardData","Common","Assets/Resources/Data/Cards/Card_065_Spear_Goblins.asset","N/A","N/A",1,"spine_spear_goblins,sprite_spear_goblins,portrait_spear_goblins"
"104","Spear Goblins","CardData","Common","Assets/Resources/Data/Cards/Card_104_Spear_Goblins.asset","N/A","N/A",1,"spine_spear_goblins,sprite_spear_goblins,portrait_spear_goblins"
"95","Tesla","CardData","Rare","Assets/Resources/Data/Cards/Card_095_Tesla.asset","N/A","N/A",1,"spine_tesla,sprite_tesla,portrait_tesla"
"1","The Log","CardData","Legendary","Assets/Resources/Data/Cards/Card_001_The_Log.asset","N/A","N/A",1,"spine_the_log,sprite_the_log,portrait_the_log"
"42","Three Musketeers","CardData","Epic","Assets/Resources/Data/Cards/Card_042_Three_Musketeers.asset","N/A","N/A",1,"spine_three_musketeers,sprite_three_musketeers,portrait_three_musketeers"
"101","Tombstone","CardData","Rare","Assets/Resources/Data/Cards/Card_101_Tombstone.asset","N/A","N/A",1,"spine_tombstone,sprite_tombstone,portrait_tombstone"
"38","Tornado","CardData","Legendary","Assets/Resources/Data/Cards/Card_038_Tornado.asset","N/A","N/A",1,"spine_tornado,sprite_tornado,portrait_tornado"
"28","Valkyrie","CardData","Rare","Assets/Resources/Data/Cards/Card_028_Valkyrie.asset","N/A","N/A",1,"spine_valkyrie,sprite_valkyrie,portrait_valkyrie"
"83","Wall Breakers","CardData","Common","Assets/Resources/Data/Cards/Card_083_Wall_Breakers.asset","N/A","N/A",1,"spine_wall_breakers,sprite_wall_breakers,portrait_wall_breakers"
"109","Wall Breakers","CardData","Common","Assets/Resources/Data/Cards/Card_109_Wall_Breakers.asset","N/A","N/A",1,"spine_wall_breakers,sprite_wall_breakers,portrait_wall_breakers"
"22","Witch","CardData","Epic","Assets/Resources/Data/Cards/Card_022_Witch.asset","N/A","N/A",1,"spine_witch,sprite_witch,portrait_witch"
"21","Wizard","CardData","Epic","Assets/Resources/Data/Cards/Card_021_Wizard.asset","N/A","N/A",1,"spine_wizard,sprite_wizard,portrait_wizard"
"98","X-Bow","CardData","Epic","Assets/Resources/Data/Cards/Card_098_X_Bow.asset","N/A","N/A",1,"spine_x_bow,sprite_x_bow,portrait_x_bow"
"59","Zap","CardData","Common","Assets/Resources/Data/Cards/Card_059_Zap.asset","N/A","N/A",1,"spine_zap,sprite_zap,portrait_zap"
"113","Zap","CardData","Common","Assets/Resources/Data/Cards/Card_113_Zap.asset","N/A","N/A",1,"spine_zap,sprite_zap,portrait_zap"
"e919c34d189ce4c623ff3413178dd680","Building_Balloon","Prefab","Building","Assets/Prefabs/Buildings/Building_Balloon.prefab","0 tris, 0 textures","N/A",0,"Sprites/Default;BuildingPoolable;BuildingView;HealthBar;ProjectilePoolable;SpellPoolable;TowerPoolable;UnitPoolable"
"ff371651c57a83e89ddf723dc589c4d0","Building_BattleRam","Prefab","Building","Assets/Prefabs/Buildings/Building_BattleRam.prefab","0 tris, 0 textures","N/A",0,"Sprites/Default;BuildingPoolable;BuildingView;HealthBar;ProjectilePoolable;SpellPoolable;TowerPoolable;UnitPoolable"
"75b97eb259cf20c0890b9912622874d3","Building_BombTower","Prefab","Building","Assets/Prefabs/Buildings/Building_BombTower.prefab","0 tris, 0 textures","N/A",0,"Sprites/Default;BuildingPoolable;BuildingView;HealthBar;ProjectilePoolable;SpellPoolable;TowerPoolable;UnitPoolable"
"feac0132022ab21d4abdbb5a16c82041","Building_Cannon","Prefab","Building","Assets/Prefabs/Buildings/Building_Cannon.prefab","0 tris, 0 textures","N/A",0,"Sprites/Default;BuildingPoolable;BuildingView;HealthBar;ProjectilePoolable;SpellPoolable;TowerPoolable;UnitPoolable"
"a229d902ddfca7c47e6a3a43ffec9f80","Building_CannonCart","Prefab","Building","Assets/Prefabs/Buildings/Building_CannonCart.prefab","0 tris, 0 textures","N/A",0,"Sprites/Default;BuildingPoolable;BuildingView;HealthBar;ProjectilePoolable;SpellPoolable;TowerPoolable;UnitPoolable"
"2b76d64ec85005198c28c93d9936c8a2","Building_ElixirCollector","Prefab","Building","Assets/Prefabs/Buildings/Building_ElixirCollector.prefab","0 tris, 0 textures","N/A",0,"Sprites/Default;BuildingPoolable;BuildingView;HealthBar;ProjectilePoolable;SpellPoolable;TowerPoolable;UnitPoolable"
"13cd04a6279b6190bb91ac1f3c71214c","Building_Furnace","Prefab","Building","Assets/Prefabs/Buildings/Building_Furnace.prefab","0 tris, 0 textures","N/A",0,"Sprites/Default;BuildingPoolable;BuildingView;HealthBar;ProjectilePoolable;SpellPoolable;TowerPoolable;UnitPoolable"
"e413228de16102e70de899f75c892e15","Building_Giant","Prefab","Building","Assets/Prefabs/Buildings/Building_Giant.prefab","0 tris, 0 textures","N/A",0,"Sprites/Default;BuildingPoolable;BuildingView;HealthBar;ProjectilePoolable;SpellPoolable;TowerPoolable;UnitPoolable"
"49c64575f8f37f19f7146c5c28c5cbff","Building_GoblinCage","Prefab","Building","Assets/Prefabs/Buildings/Building_GoblinCage.prefab","0 tris, 0 textures","N/A",0,"Sprites/Default;BuildingPoolable;BuildingView;HealthBar;ProjectilePoolable;SpellPoolable;TowerPoolable;UnitPoolable"
"53167ecfe165d446f67df1be1e254727","Building_GoblinDrill","Prefab","Building","Assets/Prefabs/Buildings/Building_GoblinDrill.prefab","0 tris, 0 textures","N/A",0,"Sprites/Default;BuildingPoolable;BuildingView;HealthBar;ProjectilePoolable;SpellPoolable;TowerPoolable;UnitPoolable"
"5620f95afd070d7f2700605669f4f6c3","Building_GoblinHut","Prefab","Building","Assets/Prefabs/Buildings/Building_GoblinHut.prefab","0 tris, 0 textures","N/A",0,"Sprites/Default;BuildingPoolable;BuildingView;HealthBar;ProjectilePoolable;SpellPoolable;TowerPoolable;UnitPoolable"
"dffc4679503c620277f8543d80922486","Building_HogRider","Prefab","Building","Assets/Prefabs/Buildings/Building_HogRider.prefab","0 tris, 0 textures","N/A",0,"Sprites/Default;BuildingPoolable;BuildingView;HealthBar;ProjectilePoolable;SpellPoolable;TowerPoolable;UnitPoolable"
"7b15b8991dccd61b0daab22f75b490c9","Building_InfernoTower","Prefab","Building","Assets/Prefabs/Buildings/Building_InfernoTower.prefab","0 tris, 0 textures","N/A",0,"Sprites/Default;BuildingPoolable;BuildingView;HealthBar;ProjectilePoolable;SpellPoolable;TowerPoolable;UnitPoolable"
"5f3743da817a6f76ac8db3fe810b173e","Building_Mortar","Prefab","Building","Assets/Prefabs/Buildings/Building_Mortar.prefab","0 tris, 0 textures","N/A",0,"Sprites/Default;BuildingPoolable;BuildingView;HealthBar;ProjectilePoolable;SpellPoolable;TowerPoolable;UnitPoolable"
"6bd067784ea56d7f7a3bce313074a476","Building_RoyalHogs","Prefab","Building","Assets/Prefabs/Buildings/Building_RoyalHogs.prefab","0 tris, 0 textures","N/A",0,"Sprites/Default;BuildingPoolable;BuildingView;HealthBar;ProjectilePoolable;SpellPoolable;TowerPoolable;UnitPoolable"
"424f8dab340c2882a7b9300e2fd97bf0","Building_Tesla","Prefab","Building","Assets/Prefabs/Buildings/Building_Tesla.prefab","0 tris, 0 textures","N/A",0,"Sprites/Default;BuildingPoolable;BuildingView;HealthBar;ProjectilePoolable;SpellPoolable;TeslaRetraction;TowerPoolable;UnitPoolable"
"3ae9c28f10132de44ab384817a3c42c8","Building_Tombstone","Prefab","Building","Assets/Prefabs/Buildings/Building_Tombstone.prefab","0 tris, 0 textures","N/A",0,"Sprites/Default;BuildingPoolable;BuildingView;HealthBar;ProjectilePoolable;SpellPoolable;TowerPoolable;UnitPoolable"
"333bccedbb6af79a916cee63df9f2096","Building_WallBreakers","Prefab","Building","Assets/Prefabs/Buildings/Building_WallBreakers.prefab","0 tris, 0 textures","N/A",0,"Sprites/Default;BuildingPoolable;BuildingView;HealthBar;ProjectilePoolable;SpellPoolable;TowerPoolable;UnitPoolable"
"0d01829817c0eded35e001097fab5ad0","Building_X_Bow","Prefab","Building","Assets/Prefabs/Buildings/Building_X_Bow.prefab","0 tris, 0 textures","N/A",0,"Sprites/Default;BuildingPoolable;BuildingView;HealthBar;ProjectilePoolable;SpellPoolable;TowerPoolable;UnitPoolable"
"97ca16927583d74f9d5746265f7ea513","Projectile_ArcherQueen","Prefab","Projectile","Assets/Prefabs/Projectiles/Projectile_ArcherQueen.prefab","0 tris, 0 textures","N/A",0,"Particles/Standard Unlit;Sprites/Default;BuildingPoolable;ProjectilePoolable;ProjectileView;SpellPoolable;TowerPoolable;UnitPoolable"
"0fbdf1f5eed763e42e862e8082bacdcd","Projectile_Archers","Prefab","Projectile","Assets/Prefabs/Projectiles/Projectile_Archers.prefab","0 tris, 0 textures","N/A",0,"Particles/Standard Unlit;Sprites/Default;BuildingPoolable;ProjectilePoolable;ProjectileView;SpellPoolable;TowerPoolable;UnitPoolable"
"b8c67db4405de8760795e205e5863570","Projectile_BabyDragon","Prefab","Projectile","Assets/Prefabs/Projectiles/Projectile_BabyDragon.prefab","0 tris, 0 textures","N/A",0,"Particles/Standard Unlit;Sprites/Default;BuildingPoolable;ProjectilePoolable;ProjectileView;SpellPoolable;TowerPoolable;UnitPoolable"
"180d6fffece7e7fc8d4d98368dff4505","Projectile_Bomber","Prefab","Projectile","Assets/Prefabs/Projectiles/Projectile_Bomber.prefab","0 tris, 0 textures","N/A",0,"Particles/Standard Unlit;Sprites/Default;BuildingPoolable;ProjectilePoolable;ProjectileView;SpellPoolable;TowerPoolable;UnitPoolable"
"0ac803c56d969d9edd1a20ea980fb526","Projectile_DartGoblin","Prefab","Projectile","Assets/Prefabs/Projectiles/Projectile_DartGoblin.prefab","0 tris, 0 textures","N/A",0,"Particles/Standard Unlit;Sprites/Default;BuildingPoolable;ProjectilePoolable;ProjectileView;SpellPoolable;TowerPoolable;UnitPoolable"
"d5159f3cc7349d5dbb173f222499ee36","Projectile_ElectroDragon","Prefab","Projectile","Assets/Prefabs/Projectiles/Projectile_ElectroDragon.prefab","0 tris, 0 textures","N/A",0,"Particles/Standard Unlit;Sprites/Default;BuildingPoolable;ProjectilePoolable;ProjectileView;SpellPoolable;TowerPoolable;UnitPoolable"
"89096a12503812abf7b0e16dd48f747a","Projectile_ElectroWizard","Prefab","Projectile","Assets/Prefabs/Projectiles/Projectile_ElectroWizard.prefab","0 tris, 0 textures","N/A",0,"Particles/Standard Unlit;Sprites/Default;BuildingPoolable;ProjectilePoolable;ProjectileView;SpellPoolable;TowerPoolable;UnitPoolable"
"7ae2e1563be82875f86f33c5967eb7c4","Projectile_FlyingMachine","Prefab","Projectile","Assets/Prefabs/Projectiles/Projectile_FlyingMachine.prefab","0 tris, 0 textures","N/A",0,"Particles/Standard Unlit;Sprites/Default;BuildingPoolable;ProjectilePoolable;ProjectileView;SpellPoolable;TowerPoolable;UnitPoolable"
"92244aee0278385b07ff617e1f449ea6","Projectile_GoblinMachine","Prefab","Projectile","Assets/Prefabs/Projectiles/Projectile_GoblinMachine.prefab","0 tris, 0 textures","N/A",0,"Particles/Standard Unlit;Sprites/Default;BuildingPoolable;ProjectilePoolable;ProjectileView;SpellPoolable;TowerPoolable;UnitPoolable"
"7b43f888799fe97c4a77cb53a684bfaf","Projectile_IceWizard","Prefab","Projectile","Assets/Prefabs/Projectiles/Projectile_IceWizard.prefab","0 tris, 0 textures","N/A",0,"Particles/Standard Unlit;Sprites/Default;BuildingPoolable;ProjectilePoolable;ProjectileView;SpellPoolable;TowerPoolable;UnitPoolable"
"fec3051d0f8669952ed93248ddf8bc29","Projectile_InfernoDragon","Prefab","Projectile","Assets/Prefabs/Projectiles/Projectile_InfernoDragon.prefab","0 tris, 0 textures","N/A",0,"Particles/Standard Unlit;Sprites/Default;BuildingPoolable;ProjectilePoolable;ProjectileView;SpellPoolable;TowerPoolable;UnitPoolable"
"b076ee03a89173619b5e276505f5058a","Projectile_LavaHound","Prefab","Projectile","Assets/Prefabs/Projectiles/Projectile_LavaHound.prefab","0 tris, 0 textures","N/A",0,"Particles/Standard Unlit;Sprites/Default;BuildingPoolable;ProjectilePoolable;ProjectileView;SpellPoolable;TowerPoolable;UnitPoolable"
"40100a4e3e922b34855d005cda38f149","Projectile_MagicArcher","Prefab","Projectile","Assets/Prefabs/Projectiles/Projectile_MagicArcher.prefab","0 tris, 0 textures","N/A",0,"Particles/Standard Unlit;Sprites/Default;BuildingPoolable;ProjectilePoolable;ProjectileView;SpellPoolable;TowerPoolable;UnitPoolable"
"683e6e51d3ad5155e99e7f0d564a606a","Projectile_MegaMinion","Prefab","Projectile","Assets/Prefabs/Projectiles/Projectile_MegaMinion.prefab","0 tris, 0 textures","N/A",0,"Particles/Standard Unlit;Sprites/Default;BuildingPoolable;ProjectilePoolable;ProjectileView;SpellPoolable;TowerPoolable;UnitPoolable"
"e669acf59f2756b880a24947f76c099f","Projectile_MinionHorde","Prefab","Projectile","Assets/Prefabs/Projectiles/Projectile_MinionHorde.prefab","0 tris, 0 textures","N/A",0,"Particles/Standard Unlit;Sprites/Default;BuildingPoolable;ProjectilePoolable;ProjectileView;SpellPoolable;TowerPoolable;UnitPoolable"
"e0072d34da59bd8bbf07cf3822efd004","Projectile_Minions","Prefab","Projectile","Assets/Prefabs/Projectiles/Projectile_Minions.prefab","0 tris, 0 textures","N/A",0,"Particles/Standard Unlit;Sprites/Default;BuildingPoolable;ProjectilePoolable;ProjectileView;SpellPoolable;TowerPoolable;UnitPoolable"
"7a457327bcb7f95efc48f6ae78aa97b9","Projectile_MotherWitch","Prefab","Projectile","Assets/Prefabs/Projectiles/Projectile_MotherWitch.prefab","0 tris, 0 textures","N/A",0,"Particles/Standard Unlit;Sprites/Default;BuildingPoolable;ProjectilePoolable;ProjectileView;SpellPoolable;TowerPoolable;UnitPoolable"
"c4e7aadaab9aed0921647b8c4009ab12","Projectile_Musketeer","Prefab","Projectile","Assets/Prefabs/Projectiles/Projectile_Musketeer.prefab","0 tris, 0 textures","N/A",0,"Particles/Standard Unlit;Sprites/Default;BuildingPoolable;ProjectilePoolable;ProjectileView;SpellPoolable;TowerPoolable;UnitPoolable"
"f2ee4aaeb3ce498dfba75452ab2185a2","Projectile_Phoenix","Prefab","Projectile","Assets/Prefabs/Projectiles/Projectile_Phoenix.prefab","0 tris, 0 textures","N/A",0,"Particles/Standard Unlit;Sprites/Default;BuildingPoolable;ProjectilePoolable;ProjectileView;SpellPoolable;TowerPoolable;UnitPoolable"
"7da6f8cb0ab103679daeaa012b247bf3","Projectile_Princess","Prefab","Projectile","Assets/Prefabs/Projectiles/Projectile_Princess.prefab","0 tris, 0 textures","N/A",0,"Particles/Standard Unlit;Sprites/Default;BuildingPoolable;ProjectilePoolable;ProjectileView;SpellPoolable;TowerPoolable;UnitPoolable"
"2e171148b3b499e5af0fa2cb40b97ade","Projectile_SkeletonDragons","Prefab","Projectile","Assets/Prefabs/Projectiles/Projectile_SkeletonDragons.prefab","0 tris, 0 textures","N/A",0,"Particles/Standard Unlit;Sprites/Default;BuildingPoolable;ProjectilePoolable;ProjectileView;SpellPoolable;TowerPoolable;UnitPoolable"
"960735b8754dcb5649a7f34102e5a128","Projectile_Sparky","Prefab","Projectile","Assets/Prefabs/Projectiles/Projectile_Sparky.prefab","0 tris, 0 textures","N/A",0,"Particles/Standard Unlit;Sprites/Default;BuildingPoolable;ProjectilePoolable;ProjectileView;SpellPoolable;TowerPoolable;UnitPoolable"
"b1c5290be453d7811c6f1275b59718e8","Projectile_SpearGoblins","Prefab","Projectile","Assets/Prefabs/Projectiles/Projectile_SpearGoblins.prefab","0 tris, 0 textures","N/A",0,"Particles/Standard Unlit;Sprites/Default;BuildingPoolable;ProjectilePoolable;ProjectileView;SpellPoolable;TowerPoolable;UnitPoolable"
"b20eab2dd3b319576148a25b7364e364","Projectile_ThreeMusketeers","Prefab","Projectile","Assets/Prefabs/Projectiles/Projectile_ThreeMusketeers.prefab","0 tris, 0 textures","N/A",0,"Particles/Standard Unlit;Sprites/Default;BuildingPoolable;ProjectilePoolable;ProjectileView;SpellPoolable;TowerPoolable;UnitPoolable"
"3d4055c45e1c829f86387ab4563af07e","Projectile_Witch","Prefab","Projectile","Assets/Prefabs/Projectiles/Projectile_Witch.prefab","0 tris, 0 textures","N/A",0,"Particles/Standard Unlit;Sprites/Default;BuildingPoolable;ProjectilePoolable;ProjectileView;SpellPoolable;TowerPoolable;UnitPoolable"
"056baf371230c2b6e66a749a07fbd583","Projectile_Wizard","Prefab","Projectile","Assets/Prefabs/Projectiles/Projectile_Wizard.prefab","0 tris, 0 textures","N/A",0,"Particles/Standard Unlit;Sprites/Default;BuildingPoolable;ProjectilePoolable;ProjectileView;SpellPoolable;TowerPoolable;UnitPoolable"
"a786ae7cd885489fb01e8c1e1e351783","Spell_Arrows","Prefab","Spell","Assets/Prefabs/Spells/Spell_Arrows.prefab","0 tris, 0 textures","N/A",0,"Particles/Standard Unlit;BuildingPoolable;ProjectilePoolable;SpellEffectView;SpellPoolable;TowerPoolable;UnitPoolable"
"2512e51f5c72fe64b9204cedee9d8141","Spell_BarbarianBarrel","Prefab","Spell","Assets/Prefabs/Spells/Spell_BarbarianBarrel.prefab","0 tris, 0 textures","N/A",0,"Particles/Standard Unlit;BuildingPoolable;ProjectilePoolable;SpellEffectView;SpellPoolable;TowerPoolable;UnitPoolable"
"42a7cdff52ea790cc7195dbce6cad60c","Spell_Clone","Prefab","Spell","Assets/Prefabs/Spells/Spell_Clone.prefab","0 tris, 0 textures","N/A",0,"Particles/Standard Unlit;BuildingPoolable;ProjectilePoolable;SpellEffectView;SpellPoolable;TowerPoolable;UnitPoolable"
"8bd8d4f18d388b35387c7bdd684afb38","Spell_Earthquake","Prefab","Spell","Assets/Prefabs/Spells/Spell_Earthquake.prefab","0 tris, 0 textures","N/A",0,"Particles/Standard Unlit;BuildingPoolable;ProjectilePoolable;SpellEffectView;SpellPoolable;TowerPoolable;UnitPoolable"
"98489adaa73d45eb2ae86848dd7be0b7","Spell_ElectroSpirit","Prefab","Spell","Assets/Prefabs/Spells/Spell_ElectroSpirit.prefab","0 tris, 0 textures","N/A",0,"Particles/Standard Unlit;BuildingPoolable;ProjectilePoolable;SpellEffectView;SpellPoolable;TowerPoolable;UnitPoolable"
"b873e4ef884c6c5d7372ab0968a5fd60","Spell_FireSpirit","Prefab","Spell","Assets/Prefabs/Spells/Spell_FireSpirit.prefab","0 tris, 0 textures","N/A",0,"Particles/Standard Unlit;BuildingPoolable;ProjectilePoolable;SpellEffectView;SpellPoolable;TowerPoolable;UnitPoolable"
"6acf339cc9cc31aaa861e05f392269d0","Spell_Fireball","Prefab","Spell","Assets/Prefabs/Spells/Spell_Fireball.prefab","0 tris, 0 textures","N/A",0,"Particles/Standard Unlit;BuildingPoolable;ProjectilePoolable;SpellEffectView;SpellPoolable;TowerPoolable;UnitPoolable"
"20abb04b92ecef5d8c95daf135eb86b9","Spell_Freeze","Prefab","Spell","Assets/Prefabs/Spells/Spell_Freeze.prefab","0 tris, 0 textures","N/A",0,"Particles/Standard Unlit;BuildingPoolable;ProjectilePoolable;SpellEffectView;SpellPoolable;TowerPoolable;UnitPoolable"
"644d07abe5915879259f25317cea6663","Spell_GiantSnowball","Prefab","Spell","Assets/Prefabs/Spells/Spell_GiantSnowball.prefab","0 tris, 0 textures","N/A",0,"Particles/Standard Unlit;BuildingPoolable;ProjectilePoolable;SpellEffectView;SpellPoolable;TowerPoolable;UnitPoolable"
"e6affc0af434b2b1473ba0681e3c8a01","Spell_GoblinBarrel","Prefab","Spell","Assets/Prefabs/Spells/Spell_GoblinBarrel.prefab","0 tris, 0 textures","N/A",0,"Particles/Standard Unlit;BuildingPoolable;ProjectilePoolable;SpellEffectView;SpellPoolable;TowerPoolable;UnitPoolable"
"b5ff0d653976ecff7b2a561829bbc2a8","Spell_Graveyard","Prefab","Spell","Assets/Prefabs/Spells/Spell_Graveyard.prefab","0 tris, 0 textures","N/A",0,"Particles/Standard Unlit;BuildingPoolable;ProjectilePoolable;SpellEffectView;SpellPoolable;TowerPoolable;UnitPoolable"
"9c1f742ecc8b4af9b7d0ad7eba25abfc","Spell_HealSpirit","Prefab","Spell","Assets/Prefabs/Spells/Spell_HealSpirit.prefab","0 tris, 0 textures","N/A",0,"Particles/Standard Unlit;BuildingPoolable;ProjectilePoolable;SpellEffectView;SpellPoolable;TowerPoolable;UnitPoolable"
"7c1bf3b9032add9057e7c05a443d304c","Spell_IceSpirit","Prefab","Spell","Assets/Prefabs/Spells/Spell_IceSpirit.prefab","0 tris, 0 textures","N/A",0,"Particles/Standard Unlit;BuildingPoolable;ProjectilePoolable;SpellEffectView;SpellPoolable;TowerPoolable;UnitPoolable"
"2a444ddc57ea666f06a79191891ee59a","Spell_Lightning","Prefab","Spell","Assets/Prefabs/Spells/Spell_Lightning.prefab","0 tris, 0 textures","N/A",0,"Particles/Standard Unlit;BuildingPoolable;ProjectilePoolable;SpellEffectView;SpellPoolable;TowerPoolable;UnitPoolable"
"35bf465c70a33c9c1727411ed79ebfe5","Spell_Mirror","Prefab","Spell","Assets/Prefabs/Spells/Spell_Mirror.prefab","0 tris, 0 textures","N/A",0,"Particles/Standard Unlit;BuildingPoolable;ProjectilePoolable;SpellEffectView;SpellPoolable;TowerPoolable;UnitPoolable"
"e40849f14ac96ac36da6daf37f176385","Spell_Poison","Prefab","Spell","Assets/Prefabs/Spells/Spell_Poison.prefab","0 tris, 0 textures","N/A",0,"Particles/Standard Unlit;BuildingPoolable;ProjectilePoolable;SpellEffectView;SpellPoolable;TowerPoolable;UnitPoolable"
"b1725df796c9da03e26354328068479e","Spell_Rage","Prefab","Spell","Assets/Prefabs/Spells/Spell_Rage.prefab","0 tris, 0 textures","N/A",0,"Particles/Standard Unlit;BuildingPoolable;ProjectilePoolable;SpellEffectView;SpellPoolable;TowerPoolable;UnitPoolable"
"4c381aca937aaf33d874a37864943c87","Spell_Rocket","Prefab","Spell","Assets/Prefabs/Spells/Spell_Rocket.prefab","0 tris, 0 textures","N/A",0,"Particles/Standard Unlit;BuildingPoolable;ProjectilePoolable;SpellEffectView;SpellPoolable;TowerPoolable;UnitPoolable"
"ecb40cafc6ab9fddb742bea72f814d84","Spell_RoyalDelivery","Prefab","Spell","Assets/Prefabs/Spells/Spell_RoyalDelivery.prefab","0 tris, 0 textures","N/A",0,"Particles/Standard Unlit;BuildingPoolable;ProjectilePoolable;SpellEffectView;SpellPoolable;TowerPoolable;UnitPoolable"
"ad845aad8e8e978f5b412c9789ee659e","Spell_SkeletonBarrel","Prefab","Spell","Assets/Prefabs/Spells/Spell_SkeletonBarrel.prefab","0 tris, 0 textures","N/A",0,"Particles/Standard Unlit;BuildingPoolable;ProjectilePoolable;SpellEffectView;SpellPoolable;TowerPoolable;UnitPoolable"
"264d38a4cbcc661ce6248fd77fe48ae9","Spell_TheLog","Prefab","Spell","Assets/Prefabs/Spells/Spell_TheLog.prefab","0 tris, 0 textures","N/A",0,"Particles/Standard Unlit;BuildingPoolable;ProjectilePoolable;SpellEffectView;SpellPoolable;TowerPoolable;UnitPoolable"
"5c8b95e4bfcecc8ca736c92dc696db8e","Spell_Tornado","Prefab","Spell","Assets/Prefabs/Spells/Spell_Tornado.prefab","0 tris, 0 textures","N/A",0,"Particles/Standard Unlit;BuildingPoolable;ProjectilePoolable;SpellEffectView;SpellPoolable;TowerPoolable;UnitPoolable"
"930a930d2a2db9e84da5493c3d430865","Spell_Zap","Prefab","Spell","Assets/Prefabs/Spells/Spell_Zap.prefab","0 tris, 0 textures","N/A",0,"Particles/Standard Unlit;BuildingPoolable;ProjectilePoolable;SpellEffectView;SpellPoolable;TowerPoolable;UnitPoolable"
"cc4d2cc10c64b464e027f7b65f53153f","Tower_King","Prefab","Unknown","Assets/Prefabs/Towers/Tower_King.prefab","0 tris, 0 textures","N/A",0,"Sprites/Default;HealthBar;TowerView"
"df0b4c1ff23a33b48ada0ef6d1444412","Tower_Princess","Prefab","Unknown","Assets/Prefabs/Towers/Tower_Princess.prefab","0 tris, 0 textures","N/A",0,"Sprites/Default;HealthBar;TowerView"
"7e31f1630b77f5b0bf8c948e35be0b25","Unit_ArcherQueen","Prefab","Unit","Assets/Prefabs/Units/Unit_ArcherQueen.prefab","0 tris, 0 textures","N/A",0,"Sprites/Default;BuildingPoolable;HealthBar;ProjectilePoolable;SelectionRing;SpellPoolable;TowerPoolable;UnitPoolable;UnitView"
"f08fec217156248358af848d0f9b1dcd","Unit_Archers","Prefab","Unit","Assets/Prefabs/Units/Unit_Archers.prefab","0 tris, 0 textures","N/A",0,"Sprites/Default;BuildingPoolable;HealthBar;ProjectilePoolable;SelectionRing;SpellPoolable;TowerPoolable;UnitPoolable;UnitView"
"82b494f8d19e795cc3129116999840a6","Unit_BabyDragon","Prefab","Unit","Assets/Prefabs/Units/Unit_BabyDragon.prefab","0 tris, 0 textures","N/A",0,"Sprites/Default;BuildingPoolable;HealthBar;ProjectilePoolable;SelectionRing;SpellPoolable;TowerPoolable;UnitPoolable;UnitView"
"bea1e35a0b15f5b42e784f6a00d3cedf","Unit_Bandit","Prefab","Unit","Assets/Prefabs/Units/Unit_Bandit.prefab","0 tris, 0 textures","N/A",0,"Sprites/Default;BuildingPoolable;HealthBar;ProjectilePoolable;SelectionRing;SpellPoolable;TowerPoolable;UnitPoolable;UnitView"
"0f995fbd5bce6b381cf28111e998f909","Unit_Barbarians","Prefab","Unit","Assets/Prefabs/Units/Unit_Barbarians.prefab","0 tris, 0 textures","N/A",0,"Sprites/Default;BuildingPoolable;HealthBar;ProjectilePoolable;SelectionRing;SpellPoolable;TowerPoolable;UnitPoolable;UnitView"
"a76c6a54bb5c62e115afe3fddb49b18b","Unit_Bats","Prefab","Unit","Assets/Prefabs/Units/Unit_Bats.prefab","0 tris, 0 textures","N/A",0,"Sprites/Default;BuildingPoolable;HealthBar;ProjectilePoolable;SelectionRing;SpellPoolable;TowerPoolable;UnitPoolable;UnitView"
"920ebe9a7532ba7bd36c918918f355e8","Unit_Bomber","Prefab","Unit","Assets/Prefabs/Units/Unit_Bomber.prefab","0 tris, 0 textures","N/A",0,"Sprites/Default;BuildingPoolable;HealthBar;ProjectilePoolable;SelectionRing;SpellPoolable;TowerPoolable;UnitPoolable;UnitView"
"c3b59384af98b5d3e091e4e2a56263cf","Unit_DarkPrince","Prefab","Unit","Assets/Prefabs/Units/Unit_DarkPrince.prefab","0 tris, 0 textures","N/A",0,"Sprites/Default;BuildingPoolable;HealthBar;ProjectilePoolable;SelectionRing;SpellPoolable;TowerPoolable;UnitPoolable;UnitView"
"73127b73807213b6272f8af2ec508ee4","Unit_DartGoblin","Prefab","Unit","Assets/Prefabs/Units/Unit_DartGoblin.prefab","0 tris, 0 textures","N/A",0,"Sprites/Default;BuildingPoolable;HealthBar;ProjectilePoolable;SelectionRing;SpellPoolable;TowerPoolable;UnitPoolable;UnitView"
"d882e002fc71bc5e5e83febc0a3fb902","Unit_ElectroDragon","Prefab","Unit","Assets/Prefabs/Units/Unit_ElectroDragon.prefab","0 tris, 0 textures","N/A",0,"Sprites/Default;BuildingPoolable;HealthBar;ProjectilePoolable;SelectionRing;SpellPoolable;TowerPoolable;UnitPoolable;UnitView"
"d1481366b85fd888b58b3637e6994392","Unit_ElectroWizard","Prefab","Unit","Assets/Prefabs/Units/Unit_ElectroWizard.prefab","0 tris, 0 textures","N/A",0,"Sprites/Default;BuildingPoolable;HealthBar;ProjectilePoolable;SelectionRing;SpellPoolable;TowerPoolable;UnitPoolable;UnitView"
"b26fc1e7bd252c9fc534a33b35d37d1a","Unit_EliteBarbarians","Prefab","Unit","Assets/Prefabs/Units/Unit_EliteBarbarians.prefab","0 tris, 0 textures","N/A",0,"Sprites/Default;BuildingPoolable;HealthBar;ProjectilePoolable;SelectionRing;SpellPoolable;TowerPoolable;UnitPoolable;UnitView"
"50c6de2c443b92b3b927b090557f9f6e","Unit_Fisherman","Prefab","Unit","Assets/Prefabs/Units/Unit_Fisherman.prefab","0 tris, 0 textures","N/A",0,"Sprites/Default;BuildingPoolable;HealthBar;ProjectilePoolable;SelectionRing;SpellPoolable;TowerPoolable;UnitPoolable;UnitView"
"44a12419808ba457fac48f5c7a863596","Unit_FlyingMachine","Prefab","Unit","Assets/Prefabs/Units/Unit_FlyingMachine.prefab","0 tris, 0 textures","N/A",0,"Sprites/Default;BuildingPoolable;HealthBar;ProjectilePoolable;SelectionRing;SpellPoolable;TowerPoolable;UnitPoolable;UnitView"
"c3b92fa396cc1b92ee58fb12fadb4912","Unit_Ghost","Prefab","Unit","Assets/Prefabs/Units/Unit_Ghost.prefab","0 tris, 0 textures","N/A",0,"Sprites/Default;BuildingPoolable;HealthBar;ProjectilePoolable;SelectionRing;SpellPoolable;TowerPoolable;UnitPoolable;UnitView"
"8e507403c0dfe08ecc8708051836533d","Unit_GiantSkeleton","Prefab","Unit","Assets/Prefabs/Units/Unit_GiantSkeleton.prefab","0 tris, 0 textures","N/A",0,"Sprites/Default;BuildingPoolable;HealthBar;ProjectilePoolable;SelectionRing;SpellPoolable;TowerPoolable;UnitPoolable;UnitView"
"93c3f56d0192a12a77ff34778e60f756","Unit_GoblinGang","Prefab","Unit","Assets/Prefabs/Units/Unit_GoblinGang.prefab","0 tris, 0 textures","N/A",0,"Sprites/Default;BuildingPoolable;HealthBar;ProjectilePoolable;SelectionRing;SpellPoolable;TowerPoolable;UnitPoolable;UnitView"
"ccb7b4715389a026b34fc4d31d545956","Unit_GoblinMachine","Prefab","Unit","Assets/Prefabs/Units/Unit_GoblinMachine.prefab","0 tris, 0 textures","N/A",0,"Sprites/Default;BuildingPoolable;HealthBar;ProjectilePoolable;SelectionRing;SpellPoolable;TowerPoolable;UnitPoolable;UnitView"
"2153671e18b8b8ff805f042710c767cd","Unit_Goblins","Prefab","Unit","Assets/Prefabs/Units/Unit_Goblins.prefab","0 tris, 0 textures","N/A",0,"Sprites/Default;BuildingPoolable;HealthBar;ProjectilePoolable;SelectionRing;SpellPoolable;TowerPoolable;UnitPoolable;UnitView"
"c5abd0a1b3eec0e051cc391274d5727e","Unit_Guards","Prefab","Unit","Assets/Prefabs/Units/Unit_Guards.prefab","0 tris, 0 textures","N/A",0,"Sprites/Default;BuildingPoolable;HealthBar;ProjectilePoolable;SelectionRing;SpellPoolable;TowerPoolable;UnitPoolable;UnitView"
"4c6fc476a476efb8694ab46e4eaef206","Unit_IceWizard","Prefab","Unit","Assets/Prefabs/Units/Unit_IceWizard.prefab","0 tris, 0 textures","N/A",0,"Sprites/Default;BuildingPoolable;HealthBar;ProjectilePoolable;SelectionRing;SpellPoolable;TowerPoolable;UnitPoolable;UnitView"
"01dbc1195546f54d7260323109d51224","Unit_InfernoDragon","Prefab","Unit","Assets/Prefabs/Units/Unit_InfernoDragon.prefab","0 tris, 0 textures","N/A",0,"Sprites/Default;BuildingPoolable;HealthBar;ProjectilePoolable;SelectionRing;SpellPoolable;TowerPoolable;UnitPoolable;UnitView"
"aee8ecf3c21f3793eb68ff719407e660","Unit_Knight","Prefab","Unit","Assets/Prefabs/Units/Unit_Knight.prefab","0 tris, 0 textures","N/A",0,"Sprites/Default;BuildingPoolable;HealthBar;ProjectilePoolable;SelectionRing;SpellPoolable;TowerPoolable;UnitPoolable;UnitView"
"8340cb3fd161ede14579a6837377f288","Unit_LavaHound","Prefab","Unit","Assets/Prefabs/Units/Unit_LavaHound.prefab","0 tris, 0 textures","N/A",0,"Sprites/Default;BuildingPoolable;HealthBar;ProjectilePoolable;SelectionRing;SpellPoolable;TowerPoolable;UnitPoolable;UnitView"
"0d655f6cd0c07b005c40bada6d94d18b","Unit_LittlePrince","Prefab","Unit","Assets/Prefabs/Units/Unit_LittlePrince.prefab","0 tris, 0 textures","N/A",0,"Sprites/Default;BuildingPoolable;HealthBar;ProjectilePoolable;SelectionRing;SpellPoolable;TowerPoolable;UnitPoolable;UnitView"
"72499e1b92b2ccf343a77be59f3f4e3e","Unit_MagicArcher","Prefab","Unit","Assets/Prefabs/Units/Unit_MagicArcher.prefab","0 tris, 0 textures","N/A",0,"Sprites/Default;BuildingPoolable;HealthBar;ProjectilePoolable;SelectionRing;SpellPoolable;TowerPoolable;UnitPoolable;UnitView"
"5fae788f2664e879ae0bce04947d8c73","Unit_MegaKnight","Prefab","Unit","Assets/Prefabs/Units/Unit_MegaKnight.prefab","0 tris, 0 textures","N/A",0,"Sprites/Default;BuildingPoolable;HealthBar;ProjectilePoolable;SelectionRing;SpellPoolable;TowerPoolable;UnitPoolable;UnitView"
"1f631b2ffce1427a5daebef3cb90205f","Unit_MegaMinion","Prefab","Unit","Assets/Prefabs/Units/Unit_MegaMinion.prefab","0 tris, 0 textures","N/A",0,"Sprites/Default;BuildingPoolable;HealthBar;ProjectilePoolable;SelectionRing;SpellPoolable;TowerPoolable;UnitPoolable;UnitView"
"c076244fcfd5dbf377b10e0815324064","Unit_MightyMiner","Prefab","Unit","Assets/Prefabs/Units/Unit_MightyMiner.prefab","0 tris, 0 textures","N/A",0,"Sprites/Default;BuildingPoolable;HealthBar;ProjectilePoolable;SelectionRing;SpellPoolable;TowerPoolable;UnitPoolable;UnitView"
"f5618927c6d6ba97d13dda639c78eef4","Unit_Miner","Prefab","Unit","Assets/Prefabs/Units/Unit_Miner.prefab","0 tris, 0 textures","N/A",0,"Sprites/Default;BuildingPoolable;HealthBar;ProjectilePoolable;SelectionRing;SpellPoolable;TowerPoolable;UnitPoolable;UnitView"
"12d25885bcfd9c50a58a7519de0d6e25","Unit_MiniPEKKA","Prefab","Unit","Assets/Prefabs/Units/Unit_MiniPEKKA.prefab","0 tris, 0 textures","N/A",0,"Sprites/Default;BuildingPoolable;HealthBar;ProjectilePoolable;SelectionRing;SpellPoolable;TowerPoolable;UnitPoolable;UnitView"
"4b49d869156856ed706199e728d262f4","Unit_MinionHorde","Prefab","Unit","Assets/Prefabs/Units/Unit_MinionHorde.prefab","0 tris, 0 textures","N/A",0,"Sprites/Default;BuildingPoolable;HealthBar;ProjectilePoolable;SelectionRing;SpellPoolable;TowerPoolable;UnitPoolable;UnitView"
"ae7bdfc958da5092d338999e67a21255","Unit_Minions","Prefab","Unit","Assets/Prefabs/Units/Unit_Minions.prefab","0 tris, 0 textures","N/A",0,"Sprites/Default;BuildingPoolable;HealthBar;ProjectilePoolable;SelectionRing;SpellPoolable;TowerPoolable;UnitPoolable;UnitView"
"732ac5323ee2b0b49a81f0eed46e7078","Unit_MotherWitch","Prefab","Unit","Assets/Prefabs/Units/Unit_MotherWitch.prefab","0 tris, 0 textures","N/A",0,"Sprites/Default;BuildingPoolable;HealthBar;ProjectilePoolable;SelectionRing;SpellPoolable;TowerPoolable;UnitPoolable;UnitView"
"75698f235e9b2c693d713629bbda792a","Unit_Musketeer","Prefab","Unit","Assets/Prefabs/Units/Unit_Musketeer.prefab","0 tris, 0 textures","N/A",0,"Sprites/Default;BuildingPoolable;HealthBar;ProjectilePoolable;SelectionRing;SpellPoolable;TowerPoolable;UnitPoolable;UnitView"
"015887146a3f172ef89d718432e79bd4","Unit_PEKKA","Prefab","Unit","Assets/Prefabs/Units/Unit_PEKKA.prefab","0 tris, 0 textures","N/A",0,"Sprites/Default;BuildingPoolable;HealthBar;ProjectilePoolable;SelectionRing;SpellPoolable;TowerPoolable;UnitPoolable;UnitView"
"094d60b07c6e7a241d21db8a1031478d","Unit_Phoenix","Prefab","Unit","Assets/Prefabs/Units/Unit_Phoenix.prefab","0 tris, 0 textures","N/A",0,"Sprites/Default;BuildingPoolable;HealthBar;ProjectilePoolable;SelectionRing;SpellPoolable;TowerPoolable;UnitPoolable;UnitView"
"cd4be6895d38b7085cee0019fefbb350","Unit_Prince","Prefab","Unit","Assets/Prefabs/Units/Unit_Prince.prefab","0 tris, 0 textures","N/A",0,"Sprites/Default;BuildingPoolable;HealthBar;ProjectilePoolable;SelectionRing;SpellPoolable;TowerPoolable;UnitPoolable;UnitView"
"edea049c3275c67e9d283061157e78f4","Unit_Princess","Prefab","Unit","Assets/Prefabs/Units/Unit_Princess.prefab","0 tris, 0 textures","N/A",0,"Sprites/Default;BuildingPoolable;HealthBar;ProjectilePoolable;SelectionRing;SpellPoolable;TowerPoolable;UnitPoolable;UnitView"
"2d9dda5d0a9734eeafc95054e1802afe","Unit_RamRider","Prefab","Unit","Assets/Prefabs/Units/Unit_RamRider.prefab","0 tris, 0 textures","N/A",0,"Sprites/Default;BuildingPoolable;HealthBar;ProjectilePoolable;SelectionRing;SpellPoolable;TowerPoolable;UnitPoolable;UnitView"
"355130ba444d75d8b8b41c7fb5421132","Unit_RoyalGhost","Prefab","Unit","Assets/Prefabs/Units/Unit_RoyalGhost.prefab","0 tris, 0 textures","N/A",0,"Sprites/Default;BuildingPoolable;HealthBar;ProjectilePoolable;SelectionRing;SpellPoolable;TowerPoolable;UnitPoolable;UnitView"
"0d13b93821ce301f3337b17d367dbd6d","Unit_SkeletonArmy","Prefab","Unit","Assets/Prefabs/Units/Unit_SkeletonArmy.prefab","0 tris, 0 textures","N/A",0,"Sprites/Default;BuildingPoolable;HealthBar;ProjectilePoolable;SelectionRing;SpellPoolable;TowerPoolable;UnitPoolable;UnitView"
"d553d2106e2c4ef457f488e992a794f4","Unit_SkeletonDragons","Prefab","Unit","Assets/Prefabs/Units/Unit_SkeletonDragons.prefab","0 tris, 0 textures","N/A",0,"Sprites/Default;BuildingPoolable;HealthBar;ProjectilePoolable;SelectionRing;SpellPoolable;TowerPoolable;UnitPoolable;UnitView"
"12c6407503cbee7bd0678922a78d58c4","Unit_SkeletonKing","Prefab","Unit","Assets/Prefabs/Units/Unit_SkeletonKing.prefab","0 tris, 0 textures","N/A",0,"Sprites/Default;BuildingPoolable;HealthBar;ProjectilePoolable;SelectionRing;SpellPoolable;TowerPoolable;UnitPoolable;UnitView"
"5504d140b9bb5a7285f149890fc85102","Unit_Skeletons","Prefab","Unit","Assets/Prefabs/Units/Unit_Skeletons.prefab","0 tris, 0 textures","N/A",0,"Sprites/Default;BuildingPoolable;HealthBar;ProjectilePoolable;SelectionRing;SpellPoolable;TowerPoolable;UnitPoolable;UnitView"
"6bdfbd90b40e5b4ca6b961403f5b944a","Unit_Sparky","Prefab","Unit","Assets/Prefabs/Units/Unit_Sparky.prefab","0 tris, 0 textures","N/A",0,"Sprites/Default;BuildingPoolable;HealthBar;ProjectilePoolable;SelectionRing;SpellPoolable;TowerPoolable;UnitPoolable;UnitView"
"d1c7cc22fd238db9085ac3472a7b212c","Unit_SpearGoblins","Prefab","Unit","Assets/Prefabs/Units/Unit_SpearGoblins.prefab","0 tris, 0 textures","N/A",0,"Sprites/Default;BuildingPoolable;HealthBar;ProjectilePoolable;SelectionRing;SpellPoolable;TowerPoolable;UnitPoolable;UnitView"
"d2b5808b12068a70c320b013aed7f97f","Unit_ThreeMusketeers","Prefab","Unit","Assets/Prefabs/Units/Unit_ThreeMusketeers.prefab","0 tris, 0 textures","N/A",0,"Sprites/Default;BuildingPoolable;HealthBar;ProjectilePoolable;SelectionRing;SpellPoolable;TowerPoolable;UnitPoolable;UnitView"
"37f69eeee3f3c5f28b7945a9ef4e384b","Unit_Valkyrie","Prefab","Unit","Assets/Prefabs/Units/Unit_Valkyrie.prefab","0 tris, 0 textures","N/A",0,"Sprites/Default;BuildingPoolable;HealthBar;ProjectilePoolable;SelectionRing;SpellPoolable;TowerPoolable;UnitPoolable;UnitView"
"706f0f4435fd3c153df86af3ccc483bd","Unit_Witch","Prefab","Unit","Assets/Prefabs/Units/Unit_Witch.prefab","0 tris, 0 textures","N/A",0,"Sprites/Default;BuildingPoolable;HealthBar;ProjectilePoolable;SelectionRing;SpellPoolable;TowerPoolable;UnitPoolable;UnitView"
"c6305e0a01c44ba72b7720c8596559dc","Unit_Wizard","Prefab","Unit","Assets/Prefabs/Units/Unit_Wizard.prefab","0 tris, 0 textures","N/A",0,"Sprites/Default;BuildingPoolable;HealthBar;ProjectilePoolable;SelectionRing;SpellPoolable;TowerPoolable;UnitPoolable;UnitView"
"2b2a39587c5ba30878b5c0fa54bd9eda","CRClone/RiverShader","Shader","N/A","Assets/Shaders/RiverShader.shader","N/A","N/A",0,"N/A"
"716cf88ad8e77938e6bb69daed0468a5","CRClone/SpellShaders/FireShader","Shader","N/A","Assets/Shaders/SpellShaders/FireShader.shader","N/A","N/A",0,"N/A"
"85afd360007fa44c1239a8ccf2b1966f","CRClone/SpellShaders/IceShader","Shader","N/A","Assets/Shaders/SpellShaders/IceShader.shader","N/A","N/A",0,"N/A"
"e0cc2f56d5d9cde67aee7eaf3328598f","CRClone/SpellShaders/LightningShader","Shader","N/A","Assets/Shaders/SpellShaders/LightningShader.shader","N/A","N/A",0,"N/A"
"b499b21444a4625b61d1da4a44b1ecf7","CRClone/SpellShaders/PoisonShader","Shader","N/A","Assets/Shaders/SpellShaders/PoisonShader.shader","N/A","N/A",0,"N/A"
"6bc7a41d5ea7f3a6fcb67fc2ff112060","CRClone/UnitShader","Shader","N/A","Assets/Shaders/UnitShader.shader","N/A","N/A",0,"N/A"
